{
  "ticker": "AAPL",
  "tradeDate": "2019-12-20",
  "stockPrice": 279.1,
  "annActDiv": 3.18418,
  "annIdiv": 1.79096,
  "borrow30": 0.00361018,
  "borrow2y": 0.010915,
  "confidence": 0.936544,
  "exErnIv10d": 0.141851,
  "exErnIv20d": 0.163192,
  "exErnIv30d": 0.177298,
  "exErnIv60d": 0.190936,
  "exErnIv90d": 0.196268,
  "exErnIv6m": 0.204615,
  "exErnIv1y": 0.212279,
  "ieeEarnEffect": 3.57895,
  "impliedMove": 0.0560511,
  "impliedNextDiv": 0.407695,
  "iv10d": 0.141851,
  "iv20d": 0.163192,
  "iv30d": 0.177298,
  "iv60d": 0.225658,
  "iv90d": 0.22076,
  "iv6m": 0.230172,
  "iv1y": 0.237874,
  "mwAdj30": 0.00248275,
  "mwAdj2y": 0.00573648,
  "nextDiv": 0.77,
  "rDrv30": 0.122841,
  "rDrv2y": 0.0687642,
  "rSlp30": 2.38237,
  "rSlp2y": 2.9327,
  "rVol30": 0.184404,
  "rVol2y": 0.228462,
  "rip": 3.01679,
  "riskFree30": 0.0157436,
  "riskFree2y": 0.0158279,
  "skewing": -0.0670888,
  "contango": 0.8712511509656906,
  "totalErrorConf": 0.0000399838,
  "dlt5Iv10d": 0.151522,
  "dlt5Iv20d": 0.170339,
  "dlt5Iv30d": 0.180824,
  "dlt5Iv60d": 0.21898,
  "dlt5Iv90d": 0.210614,
  "dlt5Iv6m": 0.215695,
  "dlt5Iv1y": 0.223082,
  "exErnDlt5Iv10d": 0.151522,
  "exErnDlt5Iv20d": 0.170339,
  "exErnDlt5Iv30d": 0.180824,
  "exErnDlt5Iv60d": 0.184257,
  "exErnDlt5Iv90d": 0.186122,
  "exErnDlt5Iv6m": 0.190138,
  "exErnDlt5Iv1y": 0.197487,
  "dlt25Iv10d": 0.14177,
  "dlt25Iv20d": 0.161468,
  "dlt25Iv30d": 0.17385,
  "dlt25Iv60d": 0.216744,
  "dlt25Iv90d": 0.210777,
  "dlt25Iv6m": 0.218191,
  "dlt25Iv1y": 0.226143,
  "exErnDlt25Iv10d": 0.14177,
  "exErnDlt25Iv20d": 0.161468,
  "exErnDlt25Iv30d": 0.17385,
  "exErnDlt25Iv60d": 0.182022,
  "exErnDlt25Iv90d": 0.186286,
  "exErnDlt25Iv6m": 0.192634,
  "exErnDlt25Iv1y": 0.200548,
  "dlt75Iv10d": 0.155569,
  "dlt75Iv20d": 0.179151,
  "dlt75Iv30d": 0.194262,
  "dlt75Iv60d": 0.247582,
  "dlt75Iv90d": 0.241608,
  "dlt75Iv6m": 0.252,
  "dlt75Iv1y": 0.26117,
  "exErnDlt75Iv10d": 0.155569,
  "exErnDlt75Iv20d": 0.179151,
  "exErnDlt75Iv30d": 0.194262,
  "exErnDlt75Iv60d": 0.21286,
  "exErnDlt75Iv90d": 0.217116,
  "exErnDlt75Iv6m": 0.226443,
  "exErnDlt75Iv1y": 0.235575,
  "dlt95Iv10d": 0.176362,
  "dlt95Iv20d": 0.202167,
  "dlt95Iv30d": 0.217566,
  "dlt95Iv60d": 0.274488,
  "dlt95Iv90d": 0.266109,
  "dlt95Iv6m": 0.276552,
  "dlt95Iv1y": 0.321004,
  "exErnDlt95Iv10d": 0.176362,
  "exErnDlt95Iv20d": 0.202167,
  "exErnDlt95Iv30d": 0.217566,
  "exErnDlt95Iv60d": 0.239766,
  "exErnDlt95Iv90d": 0.241618,
  "exErnDlt95Iv6m": 0.250995,
  "exErnDlt95Iv1y": 0.295409,
  "fwd30_20": 0.202585,
  "fwd60_30": 0.265347,
  "fwd90_60": 0.21062,
  "fwd180_90": 0.239214,
  "fwd90_30": 0.239551,
  "fexErn30_20": 0.202585,
  "fexErn60_30": 0.203663,
  "fexErn90_60": 0.20652,
  "fexErn180_90": 0.212634,
  "fexErn90_30": 0.205096,
  "ffwd30_20": 0.239492,
  "ffwd60_30": 0.34356,
  "ffwd90_60": 0.198541,
  "ffwd180_90": 0.253339,
  "ffwd90_30": 0.280953,
  "ffexErn30_20": 0.239492,
  "ffexErn60_30": 0.224474,
  "ffexErn90_60": 0.219816,
  "ffexErn180_90": 0.22519,
  "ffexErn90_30": 0.222474,
  "fbfwd30_20": 1.18218,
  "fbfwd60_30": 1.29476,
  "fbfwd90_60": 0.942647,
  "fbfwd180_90": 1.05905,
  "fbfwd90_30": 1.17283,
  "fbfexErn30_20": 1.18218,
  "fbfexErn60_30": 1.10219,
  "fbfexErn90_60": 1.06438,
  "fbfexErn180_90": 1.05905,
  "fbfexErn90_30": 1.08473,
  "impliedEarningsMove": 0.0385317,
  "updatedAt": "2019-12-20T20:46:01Z"
}
